{"Model Name": "xgboost_model", "RMSE - CV": 595.453066781397, "Best Hyperparameters": {"learning_rate": 0.06306576837647092, "n_estimators": 186, "min_child_weight": 7, "gamma": 7.085760762731426e-07, "subsample": 0.22976221089375104, "colsample_bytree": 0.38002456553228636, "reg_alpha": 0.17662313845695624, "reg_lambda": 0.013740115801435946}, "SEED": 8274}