{"Model Name": "lineal_model", "RMSE - CV": 895.4712746740528, "Best Hyperparameters": {"alpha": 0.05672426068491989}, "SEED": 8274}