{"Model Name": "baseline_model", "RMSE - CV": 1015.1190983808174, "Best Hyperparameters": {"alpha": 0.03612342699709438}, "SEED": 8274}